movie_title,movie_year,budget,domestic,international,worldwide,mpaa,run_time,genre_1,Rating,Votes,meta_mixed,meta_negative,meta_positive,metascore,user_mixed,user_negative,user_positive
Fantastic Four,2005,100000000,154696080,178839854,333535934,PG-13,1 hr 46 min,Action,4.3,121847,18,11,6,40,161,177,305
Fantastic Four,2005,100000000,154696080,178839854,333535934,PG-13,1 hr 46 min,Action,4.3,121847,18,21,1,27,176,627,109
Fantastic Four,2015,120000000,56117548,111765333,167882881,PG-13,1 hr 40 min,Action,4.3,121847,18,11,6,40,161,177,305
Fantastic Four,2015,120000000,56117548,111765333,167882881,PG-13,1 hr 40 min,Action,4.3,121847,18,21,1,27,176,627,109
Children of Men,2006,76000000,35552383,35043081,70595464,R,1 hr 49 min,Drama,7.9,382910,1,0,37,84,71,112,"1,031"
Ghost Rider,2007,110000000,115802596,112935797,228738393,PG-13,1 hr 50 min,Action,5.2,190673,9,10,1,35,115,235,113
Cars,2006,120000000,244082982,217900167,461983149,,1 hr 57 min,Animation,7.1,283445,9,1,29,73,104,51,450
Mission: Impossible III,2006,150000000,134029801,264449696,398479497,PG-13,2 hr 6 min,Action,6.9,270429,11,0,31,66,89,38,457
Coraline,2009,60000000,75286229,49310608,124596837,PG,1 hr 40 min,Animation,7.7,156620,3,0,35,80,54,48,588
Live Free or Die Hard,2007,110000000,134529403,253626608,388156011,PG-13,2 hr 8 min,Action,7.2,347567,6,0,28,69,65,69,320
Superman Returns,2006,270000000,200081192,191000000,391081192,PG-13,2 hr 34 min,Action,6.1,246797,11,0,29,72,222,302,728
The Secret Life of Walter Mitty,2013,90000000,58236838,129896484,188133322,PG,1 hr 54 min,Comedy,7.3,249877,22,4,13,54,98,40,429
A Walk Among the Tombstones,2014,28000000,26307600,32526784,58834384,R,1 hr 54 min,Action,6.5,93883,15,3,18,57,62,15,102
Happy Feet,2006,100000000,198000317,186335291,384335608,PG,1 hr 48 min,Adventure,6.5,141141,4,0,26,77,62,78,175
Indiana Jones and the Kingdom of the Crystal Skull,2008,185000000,317101119,473552823,790653942,PG-13,2 hr 2 min,Action,6.2,351361,12,1,27,65,368,369,507
Jurassic World,2015,150000000,652270625,1018130012,1670400637,PG-13,2 hr 4 min,Action,7.0,455169,18,3,28,59,505,249,"1,316"
Iron Man,2008,140000000,318604126,266762121,585366247,PG-13,2 hr 6 min,Action,7.9,737719,5,0,33,79,109,70,"1,903"
Harry Potter and the Order of the Phoenix,2007,150000000,292353413,649691096,942044510,PG-13,2 hr 18 min,Action,7.5,385325,8,0,29,71,154,104,705
X-Men: The Last Stand,2006,210000000,234362462,226072829,460435291,PG-13,1 hr 44 min,Action,6.7,406540,14,0,24,58,289,158,383
The Lovely Bones,2009,65000000,44114232,49507108,93621340,PG-13,2 hr 15 min,Drama,6.7,130702,19,10,7,42,87,42,138
Casino Royale,2006,150000000,167445960,449055659,616501619,PG-13,2 hr 24 min,Action,8.0,495106,3,0,43,80,71,92,"1,190"
The Da Vinci Code,2006,125000000,217536138,542470807,760006945,PG-13,2 hr 29 min,Action,6.6,338280,24,7,9,46,132,146,286
Ratatouille,2007,150000000,206445654,417280431,623726085,G,1 hr 51 min,Adventure,8.0,504039,0,0,37,96,97,59,"1,520"
Pirates of the Caribbean: Dead Man's Chest,2006,225000000,423315812,642863913,1066179725,PG-13,2 hr 31 min,Action,7.3,552027,18,4,15,53,163,117,620
Silent Hill,2006,50000000,46982632,53622503,100605135,R,2 hr 5 min,Horror,6.6,184152,9,10,2,31,101,104,758
The Golden Compass,2007,180000000,70107728,302127136,372234864,PG-13,1 hr 53 min,Adventure,6.1,155078,20,3,10,51,80,100,188
Perfume: The Story of a Murderer,2006,60000000,2223293,132816631,135039924,R,2 hr 27 min,Crime,7.5,199387,10,3,17,56,19,19,124
Tangled,2010,260000000,200821936,391639796,592461732,PG,1 hr 40 min,Adventure,7.8,316459,4,0,30,71,48,16,585
A Good Year,2006,35000000,7459300,34810623,42269923,PG-13,1 hr 57 min,Comedy,6.9,74674,19,4,10,47,29,11,50
John Carter,2012,250000000,73078100,211061000,284139100,PG-13,2 hr 12 min,Action,6.6,220667,20,7,16,51,151,67,371
The Lives of Others,2006,2000000,11286112,66070830,77356942,R,2 hr 17 min,Drama,8.5,278103,1,0,38,89,13,8,312
The Departed,2006,90000000,132384315,159080719,291465034,R,2 hr 31 min,Crime,8.5,937414,3,0,36,85,108,308,"1,217"
Sweeney Todd: The Demon Barber of Fleet Street,2007,50000000,52898073,100485554,153383627,R,1 hr 56 min,Drama,7.4,296289,4,0,35,83,85,55,468
Watchmen,2009,130000000,107509799,77873014,185382813,R,2 hr 42 min,Action,7.6,410249,14,6,19,56,169,203,"1,655"
Hellboy II: The Golden Army,2008,85000000,75986503,92332740,168319243,PG-13,2 hr,Action,7.0,216932,1,0,35,78,66,30,275
Spider-Man 3,2007,258000000,336530303,558453070,894983373,PG-13,2 hr 19 min,Action,6.2,406219,13,2,25,59,420,254,857
The Fountain,2006,35000000,10144010,6324333,16468343,PG-13,1 hr 37 min,Drama,7.3,199193,14,7,15,51,46,63,412
Talladega Nights: The Ballad of Ricky Bobby,2006,72500000,148213377,15148718,163362095,PG-13,1 hr 48 min,Comedy,6.6,137502,7,0,26,66,59,61,192
300,2006,65000000,210614939,245453242,456068181,R,1 hr 57 min,Action,7.7,637104,16,7,19,52,216,259,"1,077"
Snakes on a Plane,2006,33000000,34020814,28001200,62022014,R,1 hr 45 min,Action,5.6,118905,13,3,15,58,46,76,307
Harry Potter and the Half-Blood Prince,2009,250000000,302305431,632020964,934326396,PG,2 hr 33 min,Action,7.5,351059,5,0,31,78,217,138,814
Transformers,2007,150000000,319246193,390463587,709709780,PG-13,2 hr 24 min,Action,7.1,531112,7,2,26,61,254,212,873
The Curious Case of Benjamin Button,2008,150000000,127509326,208293460,335802786,PG-13,2 hr 46 min,Drama,7.8,485075,10,1,26,70,77,84,453
Marie Antoinette,2006,40000000,15962471,44954718,60917189,PG-13,2 hr 3 min,Biography,6.4,83941,10,5,22,65,39,121,190
The A-Team,2010,110000000,77222099,100016697,177238796,PG-13,1 hr 57 min,Action,6.8,219116,17,7,13,47,83,25,220
P.S. I Love You,2007,30000000,53695808,103139531,156835339,PG-13,2 hr 6 min,Comedy,7.1,177247,12,9,3,39,25,35,105
Fantastic Mr. Fox,2009,40000000,21002919,25468104,46471023,PG,1 hr 27 min,Adventure,7.8,149779,1,1,32,83,26,31,436
The Giver,2014,25000000,45090374,21890082,66980456,PG-13,1 hr 37 min,Drama,6.5,93799,20,5,8,47,75,39,112
Toy Story 3,2010,200000000,415004880,651964823,1066969703,,1 hr 43 min,Adventure,8.3,586669,0,0,39,92,67,57,"1,665"
Terminator Salvation,2009,200000000,125322469,246030532,371353001,PG-13,1 hr 55 min,Action,6.6,297093,23,7,16,49,253,147,364
Slither,2006,15000000,7802450,5032486,12834936,R,1 hr 35 min,Comedy,6.5,64351,3,0,24,69,30,67,67
The Bourne Ultimatum,2007,110000000,227471070,216628965,444100035,PG-13,1 hr 55 min,Action,8.1,525700,2,0,36,85,59,120,662
Kung Fu Panda,2008,130000000,215434591,416311606,631746197,PG,1 hr 32 min,Action,7.6,329788,5,0,28,73,39,13,475
Beowulf,2007,150000000,82280579,114113166,196393745,PG-13,1 hr 55 min,Action,6.2,146566,13,0,22,59,74,58,152
Lincoln,2012,65000000,182207973,93085477,275293450,PG-13,2 hr 30 min,Biography,7.4,207497,3,0,41,86,122,62,569
The Illusionist,2006,16500000,39868642,48023746,87892388,PG-13,1 hr 50 min,Drama,7.6,309934,8,0,29,68,46,15,482
The Illusionist,2006,16500000,39868642,48023746,87892388,PG-13,1 hr 50 min,Drama,7.6,309934,2,0,29,82,9,5,58
The Illusionist,2010,17000000,2231474,3775720,6007194,PG,1 hr 30 min,Animation,7.6,309934,8,0,29,68,46,15,482
The Illusionist,2010,17000000,2231474,3775720,6007194,PG,1 hr 30 min,Animation,7.6,309934,2,0,29,82,9,5,58
The Assassination of Jesse James by the Coward Robert Ford,2007,30000000,3909149,11092627,15001776,R,2 hr 40 min,Biography,7.5,143564,11,1,20,68,26,18,185
Zodiac,2007,65000000,33080084,51705830,84785914,R,2 hr 37 min,Crime,7.7,329683,5,0,35,78,56,20,631
Scott Pilgrim vs. the World,2010,60000000,31524275,16140284,47664559,PG-13,1 hr 52 min,Action,7.5,291457,9,3,26,69,82,70,"1,013"
Hancock,2008,150000000,227946274,401497154,629443428,PG-13,1 hr 32 min,Action,6.4,366138,16,7,14,49,151,72,278
Pirates of the Caribbean: At World's End,2007,300000000,309420425,651576067,960996492,PG-13,2 hr 49 min,Action,7.1,498821,19,5,12,50,194,216,549
Blood Diamond,2006,100000000,57377916,114342482,171720398,R,2 hr 23 min,Adventure,8.0,422014,13,2,24,64,39,16,531
1408,2007,25000000,71985628,60977789,132963417,PG-13,1 hr 44 min,Fantasy,6.8,221073,7,0,20,64,76,33,493
The Break-Up,2006,52000000,118703275,86964935,205668210,PG-13,1 hr 46 min,Comedy,5.8,106381,24,6,7,45,43,32,145
Death Race,2008,45000000,36316032,39698303,76014335,R,1 hr 45 min,Action,6.4,173731,3,10,11,43,51,22,120
Gone Baby Gone,2007,19000000,20292962,14319481,34612443,R,1 hr 54 min,Crime,7.7,206707,3,0,31,72,32,11,210
Lady in the Water,2006,70000000,42285169,30500000,72785169,PG-13,1 hr 50 min,Drama,5.6,82701,20,14,2,36,66,124,243
Deja Vu,2006,75000000,64038616,116518934,180557550,PG-13,2 hr 6 min,Action,7.0,253858,11,2,19,59,52,54,112
42,2013,40000000,95020213,2450488,97470701,PG-13,2 hr 8 min,Biography,7.5,69659,15,0,25,62,33,11,163
The Hills Have Eyes,2006,15000000,41778863,28230089,70008952,R,1 hr 47 min,Horror,6.4,136642,10,6,12,52,47,41,105
The Hills Have Eyes,2006,15000000,41778863,28230089,70008952,R,1 hr 47 min,Horror,6.4,136642,1,0,7,64,2,2,4
Inside Man,2006,45000000,88513495,97490096,186003591,R,2 hr 9 min,Crime,7.6,285441,2,0,37,76,45,20,234
Life of Pi,2012,120000000,124987023,484029542,609016565,PG,2 hr 7 min,Adventure,7.9,471109,7,0,37,79,95,62,703
The Pursuit of Happyness,2006,55000000,163566459,143561166,307127625,PG-13,1 hr 57 min,Biography,8.0,361105,14,0,22,64,41,54,248
She's the Man,2006,20000000,33741133,23453534,57194667,PG-13,1 hr 45 min,Comedy,6.4,122864,13,6,9,45,27,19,56
Australia,2008,130000000,49554002,162233509,211787511,PG-13,2 hr 45 min,Adventure,6.6,106115,19,4,15,53,42,33,144
The Equalizer,2014,55000000,101530738,90800000,192330738,R,2 hr 12 min,Action,7.2,249425,17,4,20,57,92,38,266
Pan's Labyrinth,2006,19000000,37634615,46215652,83850267,R,1 hr 58 min,Drama,8.2,498879,0,0,37,98,174,143,"2,230"
The Devil Wears Prada,2006,35000000,124740460,203153280,327893740,PG-13,1 hr 49 min,Comedy,6.8,302268,14,0,26,62,51,19,222
X-Men Origins: Wolverine,2009,150000000,179883157,193179707,373062864,PG-13,1 hr 47 min,Action,6.7,388447,19,11,9,40,237,132,187
Enchanted,2007,85000000,127807262,212680390,340487652,PG,1 hr 47 min,Animation,7.1,150353,4,0,28,75,33,14,246
Grindhouse,2007,67000000,25037897,384191,25422088,R,3 hr 11 min,Action,7.6,160350,4,0,32,77,50,53,438
Rambo,2008,50000000,42754105,70490185,113244290,R,1 hr 32 min,Action,7.1,187077,13,7,6,46,39,55,376
Step Up,2006,12000000,65328121,48869621,114197742,PG-13,1 hr 44 min,Crime,6.5,95960,14,4,5,48,27,18,88
Freedom Writers,2007,21000000,36605602,6489573,43095175,PG-13,2 hr 3 min,Biography,7.5,55648,9,0,20,64,19,1,60
The Other Boleyn Girl,2008,35000000,26814957,51386873,78201830,PG-13,1 hr 55 min,Biography,6.7,88260,15,5,14,50,29,14,47
Juno,2007,7500000,143495265,88877416,232372681,PG-13,1 hr 36 min,Comedy,7.5,432461,2,0,36,81,86,124,"1,057"
The Dark Knight,2008,185000000,535234033,469700000,1004934033,PG-13,2 hr 32 min,Action,9.0,1791916,6,0,33,84,197,306,"5,128"
There Will Be Blood,2007,25000000,40222514,35959031,76181545,R,2 hr 38 min,Drama,8.1,400682,3,0,39,93,122,171,"1,209"
Ex Machina,2014,15000000,25442958,11426456,36869414,R,1 hr 48 min,Drama,7.7,339797,6,0,36,78,137,55,"1,077"
Apocalypto,2006,40000000,50866635,69806592,120673227,R,2 hr 19 min,Action,7.8,247926,12,2,23,68,47,71,391
Notorious,2009,20000000,36843682,7576485,44420167,R,2 hr 2 min,Biography,6.7,33007,0,0,16,100,2,2,30
Notorious,2009,20000000,36843682,7576485,44420167,R,2 hr 2 min,Biography,6.7,33007,12,2,18,60,38,13,23
Prince of Persia: The Sands of Time,2010,200000000,90759676,245606000,336365676,PG-13,1 hr 56 min,Action,6.6,233148,21,4,13,50,109,37,334
"Hail, Caesar!",2016,22000000,30498085,33149571,63647656,PG-13,1 hr 46 min,Comedy,6.3,89059,11,1,38,72,151,83,233
Unstoppable,2010,100000000,81562942,86242524,167805466,PG-13,1 hr 38 min,Action,6.8,157499,9,1,24,69,80,16,201
21,2008,35000000,81159365,78649005,159808370,PG-13,2 hr 3 min,Crime,6.8,198395,21,2,6,48,75,22,93
The Tree of Life,2011,32000000,13303319,45105928,58409247,PG-13,2 hr 19 min,Drama,6.8,143517,4,1,45,85,88,122,453
Knocked Up,2007,30000000,148768917,71153500,219922417,R,2 hr 9 min,Comedy,7.0,309398,1,0,37,85,83,120,383
Ant-Man,2015,130000000,180202163,339109802,519311965,PG-13,1 hr 57 min,Action,7.3,368912,15,1,28,64,191,70,"1,614"
Rocky Balboa,2006,24000000,70270943,85658077,155929020,PG,1 hr 42 min,Action,7.2,171356,13,0,23,63,41,22,337
I Am Legend,2007,150000000,256393010,329017042,585410052,PG-13,1 hr 41 min,Adventure,7.2,565721,9,2,26,65,137,79,510
The Prestige,2006,40000000,53089891,56586420,109676311,PG-13,2 hr 10 min,Drama,8.5,913152,9,1,26,66,56,20,"1,100"
The Strangers,2008,9000000,52597610,29812846,82410456,R,1 hr 26 min,Horror,6.2,96718,4,11,12,47,51,63,343
Stardust,2007,70000000,38634938,98880202,137515140,PG-13,2 hr 7 min,Adventure,7.7,220664,7,1,25,66,25,10,318
Disturbia,2007,20000000,80209692,37904528,118114220,PG-13,1 hr 45 min,Crime,6.9,193491,9,0,19,62,56,18,234
Jumper,2008,85000000,80172128,144959985,225132113,PG-13,1 hr 28 min,Action,6.1,252503,20,14,2,35,102,92,346
Wanted,2008,75000000,134508551,207954512,342463063,R,1 hr 50 min,Action,6.7,312495,8,2,28,64,104,271,278
Hostel: Part II,2007,10200000,17609452,18118731,35728183,R,1 hr 34 min,Horror,5.5,73152,5,8,8,46,53,44,53
Avatar,2009,237000000,760507625,2029931375,2790439000,PG-13,2 hr 42 min,Action,7.8,935408,4,0,31,83,479,442,"2,304"
Friday the 13th,2009,19000000,65002019,26507135,91509154,R,1 hr 37 min,Horror,5.6,78631,4,7,0,22,51,37,82
Friday the 13th,2009,19000000,65002019,26507135,91509154,R,1 hr 37 min,Horror,5.6,78631,15,13,1,34,97,51,141
Body of Lies,2008,70000000,39394666,76506231,115900897,R,2 hr 8 min,Action,7.1,182305,15,1,21,57,48,11,124
American Gangster,2007,100000000,130164645,139590785,269755430,R,2 hr 37 min,Biography,7.8,337835,3,0,35,76,58,26,311
What's Your Number?,2011,20000000,14011084,16415012,30426096,R,1 hr 46 min,Comedy,6.1,62095,17,11,3,35,32,15,21
Fool's Gold,2008,70000000,70231041,41000000,111231041,PG-13,1 hr 52 min,Action,5.7,62719,9,18,2,29,16,40,27
Man of Steel,2013,225000000,291045518,377000000,668045518,PG-13,2 hr 23 min,Action,7.1,577010,24,3,20,55,641,391,"2,591"
Drive,2011,15000000,35061555,41915111,76976666,R,1 hr 40 min,Crime,7.8,461509,5,0,38,78,118,115,"1,266"
The Princess and the Frog,2009,105000000,104400899,162644866,267045765,,1 hr 37 min,Adventure,7.1,95480,6,0,23,73,44,12,149
Mr. Brooks,2007,20000000,28549298,19894436,48443734,R,2 hr,Crime,7.3,128146,19,7,8,45,25,17,291
Dallas Buyers Club,2013,5000000,27298285,28438303,55736588,R,1 hr 57 min,Biography,8.0,352801,0,0,47,84,29,12,540
Jack Reacher,2012,60000000,80070736,138269859,218340595,PG-13,2 hr 10 min,Action,7.0,250811,17,5,14,50,131,63,253
Mamma Mia!,2008,52000000,144169664,465727141,609896805,PG-13,1 hr 48 min,Comedy,6.4,153481,21,3,13,51,60,63,229
Star Trek,2009,150000000,257730019,127950427,385680446,PG-13,2 hr 7 min,Action,8.0,526324,3,0,43,82,126,143,"1,259"
Forgetting Sarah Marshall,2008,30000000,63172463,42660794,105833257,R,1 hr 51 min,Comedy,7.2,226619,8,0,29,67,26,27,212
The Incredible Hulk,2008,150000000,134806913,129964083,264770996,PG-13,1 hr 52 min,Action,6.8,342355,14,0,24,61,222,58,651
Clash of the Titans,2010,125000000,163214888,330000105,493214993,PG-13,1 hr 46 min,Action,5.8,238206,15,13,9,39,176,138,136
Thor,2011,150000000,181030624,268295994,449326618,PG-13,1 hr 55 min,Action,7.0,570814,14,4,22,57,389,114,"1,206"
Warcraft,2016,160000000,47365290,391683624,439048914,PG-13,2 hr 3 min,Action,7.0,187547,18,19,3,32,256,221,"2,383"
Percy Jackson & the Olympians: The Lightning Thief,2010,95000000,88768303,137728906,226497209,PG,1 hr 58 min,Adventure,5.9,148949,18,4,9,47,117,108,119
Seven Pounds,2008,55000000,69951824,99797105,169748929,PG-13,2 hr 3 min,Drama,7.7,245144,14,12,7,36,38,118,206
She's Out of My League,2010,20000000,32010860,17768868,49779728,R,1 hr 44 min,Comedy,6.4,105619,12,7,10,46,40,13,69
Conan the Barbarian,2011,90000000,21295021,42228262,63523283,R,1 hr 53 min,Action,5.2,84893,3,3,4,43,19,3,92
Conan the Barbarian,2011,90000000,21295021,42228262,63523283,R,1 hr 53 min,Action,5.2,84893,12,15,2,36,71,60,65
Interstellar,2014,165000000,188020017,489451322,677471339,PG-13,2 hr 49 min,Adventure,8.6,1047747,10,1,35,74,274,262,"3,613"
World War Z,2013,190000000,202359711,337648165,540007876,PG-13,1 hr 56 min,Action,7.0,494819,14,2,30,63,306,137,771
Shooter,2007,61000000,47003582,48693414,95696996,R,2 hr 4 min,Action,7.2,267820,15,2,16,53,44,14,224
Changeling,2008,55000000,35739802,77658435,113398237,R,2 hr 21 min,Biography,7.8,206793,12,3,23,63,27,12,165
Dracula Untold,2014,70000000,56280355,160843925,217124280,PG-13,1 hr 32 min,Action,6.3,148504,15,10,5,40,139,63,219
Superbad,2007,20000000,121463226,49349300,170812526,R,1 hr 53 min,Comedy,7.6,442082,4,0,32,76,48,57,502
Quantum of Solace,2008,200000000,168368427,421212055,589580482,PG-13,1 hr 46 min,Action,6.6,347798,22,2,24,58,243,87,312
Godzilla,2014,160000000,200676069,324300000,524976069,PG-13,2 hr 3 min,Action,6.4,318058,9,12,2,32,74,87,59
Godzilla,2014,160000000,200676069,324300000,524976069,PG-13,2 hr 3 min,Action,6.4,318058,21,1,26,62,413,196,"1,017"
Underworld: Rise of the Lycans,2009,35000000,45802315,46356646,92158961,R,1 hr 32 min,Action,6.6,129708,7,4,3,44,48,16,121
Step Brothers,2008,65000000,100468793,27638849,128107642,R,1 hr 38 min,Comedy,6.9,223065,15,5,13,51,43,35,267
The Town,2010,37000000,92186262,61839874,154026136,R,2 hr 5 min,Crime,7.6,294553,4,0,38,74,62,37,429
The Avengers,2012,220000000,623357910,895455078,1518812988,PG-13,2 hr 23 min,Action,8.1,1045588,3,16,0,12,7,38,7
The Avengers,2012,220000000,623357910,895455078,1518812988,PG-13,2 hr 23 min,Action,8.1,1045588,10,1,32,69,384,292,"3,265"
The House Bunny,2008,25000000,48237389,22202307,70439696,PG-13,1 hr 37 min,Comedy,5.5,67033,8,3,11,55,24,17,31
The Mummy: Tomb of the Dragon Emperor,2008,145000000,102491776,300958054,403449830,PG-13,1 hr 52 min,Action,5.2,124554,12,19,2,31,66,148,60
The Blind Side,2009,29000000,255959475,53248834,309208309,PG-13,2 hr 9 min,Biography,7.7,237221,10,3,16,53,65,39,267
The Mist,2007,18000000,25594957,31875263,57470220,R,2 hr 6 min,Horror,7.2,233346,12,1,16,58,59,77,322
The Hurt Locker,2008,15000000,17017811,32212961,49230772,R,2 hr 11 min,Drama,7.6,352023,1,0,36,95,159,234,"1,071"
How to Train Your Dragon,2010,165000000,217581231,277297528,494878759,PG,1 hr 38 min,Action,8.1,523893,4,0,29,74,39,11,687
The Road,2009,25000000,8117000,19522579,27639579,R,1 hr 51 min,Drama,7.3,187302,6,1,26,64,60,22,251
The Road,2009,25000000,8117000,19522579,27639579,R,1 hr 51 min,Drama,7.3,187302,2,0,7,71,12,3,14
Bride Wars,2009,30000000,58715510,56660340,115375850,PG,1 hr 29 min,Comedy,5.5,83976,5,23,2,24,35,53,23
Pineapple Express,2008,27000000,87341380,14283463,101624843,R,1 hr 51 min,Action,7.0,267872,12,0,25,64,68,34,241
The Legend of Tarzan,2016,180000000,126643061,230057296,356700357,PG-13,1 hr 50 min,Action,6.3,117590,20,10,11,44,129,54,159
Taken,2008,25000000,145000989,81836771,226837760,PG-13,1 hr 30 min,Action,7.8,502961,11,6,15,51,96,66,491
The Last Airbender,2010,150000000,131772187,187941694,319713881,PG,1 hr 43 min,Action,4.2,125129,9,23,1,20,85,628,135
Tropic Thunder,2008,92000000,110515313,85187498,195702811,R,1 hr 47 min,Action,7.0,321442,9,0,30,71,88,72,421
Salt,2010,110000000,118311368,175191986,293503354,PG-13,1 hr 40 min,Action,6.4,255813,11,2,29,65,157,51,267
Source Code,2011,32000000,54712227,92620470,147332697,PG-13,1 hr 33 min,Action,7.5,404884,7,0,34,74,108,18,604
Black Swan,2010,13000000,106954678,222443368,329398046,R,1 hr 48 min,Drama,8.0,581518,6,1,35,79,93,78,982
The Amazing Spider-Man,2012,230000000,262030663,495900000,757930663,PG-13,2 hr 16 min,Action,7.0,474320,11,2,29,66,385,178,"1,230"
The Happening,2008,48000000,64506874,98896925,163403799,R,1 hr 31 min,Drama,5.0,170897,17,18,3,34,105,281,354
Robin Hood,2010,200000000,105269730,216400011,321669741,PG-13,2 hr 20 min,Action,6.7,221117,3,1,5,57,6,0,18
Robin Hood,2010,200000000,105269730,216400011,321669741,PG-13,2 hr 20 min,Action,6.7,221117,15,6,19,53,112,55,185
Robin Hood,2010,200000000,105269730,216400011,321669741,PG-13,2 hr 20 min,Action,6.7,221117,13,12,3,32,34,72,30
Robin Hood,2018,100000000,30824628,55664403,86489031,PG-13,1 hr 56 min,Action,6.7,221117,3,1,5,57,6,0,18
Robin Hood,2018,100000000,30824628,55664403,86489031,PG-13,1 hr 56 min,Action,6.7,221117,15,6,19,53,112,55,185
Robin Hood,2018,100000000,30824628,55664403,86489031,PG-13,1 hr 56 min,Action,6.7,221117,13,12,3,32,34,72,30
Revolutionary Road,2008,35000000,22911480,53069700,75981180,R,1 hr 59 min,Drama,7.3,159736,9,1,28,69,33,27,178
You Don't Mess with the Zohan,2008,90000000,100018837,104294563,204313400,PG-13,1 hr 53 min,Comedy,5.5,163144,17,6,14,54,64,95,123
The Fighter,2010,25000000,93617009,35573860,129190869,R,1 hr 56 min,Biography,7.8,290056,6,0,35,79,36,10,411
Sucker Punch,2011,82000000,36392502,53400000,89792502,PG-13,1 hr 50 min,Action,6.1,204874,10,15,4,33,179,210,482
Sherlock Holmes,2009,90000000,209028679,315000000,524028679,PG-13,2 hr 8 min,Action,7.6,501769,13,4,17,57,105,46,522
Hanna,2011,30000000,40259119,23522959,63782078,PG-13,1 hr 51 min,Action,6.8,164208,12,2,26,65,81,30,323
The Wolf of Wall Street,2013,100000000,116900694,275100000,392000694,R,3 hr,Biography,8.2,865134,10,2,35,75,139,423,"1,446"
Sex and the City,2008,65000000,152647258,266118063,418765321,R,2 hr 25 min,Comedy,5.5,102547,17,5,16,53,31,63,134
Megamind,2010,130000000,148415853,173469912,321885765,PG,1 hr 35 min,Action,7.3,183926,12,0,21,63,68,14,278
Zack and Miri Make a Porno,2008,24000000,31457946,11326398,42784344,R,1 hr 41 min,Comedy,6.6,154936,16,2,15,56,47,30,127
Slumdog Millionaire,2008,15000000,141319928,236701457,378021385,R,2 hr,Drama,8.0,677044,1,0,35,86,88,67,600
Fast & Furious,2009,85000000,155064265,205300000,360364265,PG-13,1 hr 47 min,Action,6.6,217464,12,8,8,46,106,37,154
Alice in Wonderland,2010,200000000,334191110,691276000,1025467110,PG,1 hr 48 min,Adventure,6.5,324898,2,0,8,68,5,0,20
Alice in Wonderland,2010,200000000,334191110,691276000,1025467110,PG,1 hr 48 min,Adventure,6.5,324898,16,4,18,53,265,157,326
Selma,2014,20000000,52076908,14711000,66787908,PG-13,2 hr 8 min,Biography,7.5,67637,1,0,50,88,53,52,320
Centurion,2010,12000000,123570,6766862,6890432,R,1 hr 37 min,Action,6.4,67801,7,2,12,62,44,11,44
Never Back Down,2008,20000000,24850922,16776509,41627431,PG-13,1 hr 53 min,Action,6.6,84083,12,7,3,39,21,30,104
Argo,2012,44500000,136025503,96300000,232325503,R,2 hr,Biography,7.7,481274,4,0,41,86,112,70,834
The Book of Eli,2010,80000000,94835059,62272696,157107755,R,1 hr 58 min,Action,6.9,241359,14,4,15,53,98,48,298
Legion,2010,26000000,40168080,27750578,67918658,R,1 hr 40 min,Action,5.2,84158,8,6,0,32,35,99,66
The Proposal,2009,40000000,163958031,153417000,317375031,PG-13,1 hr 48 min,Comedy,6.7,241709,13,5,12,48,48,25,120
Silver Linings Playbook,2012,21000000,132092958,104319495,236412453,R,2 hr 2 min,Comedy,7.8,564364,8,1,36,81,80,32,"1,042"
G.I. Joe: The Rise of Cobra,2009,175000000,150201498,152267519,302469017,PG-13,1 hr 58 min,Action,5.8,180105,7,12,6,32,102,125,151
Up,2009,175000000,293004164,442094918,735099082,PG,1 hr 36 min,Adventure,8.3,722203,3,0,34,88,69,26,"1,195"
Goosebumps,2015,58000000,80080379,78180573,158260952,PG,1 hr 43 min,Adventure,6.3,57602,13,1,15,60,58,15,103
The Imaginarium of Doctor Parnassus,2009,30000000,7689607,54119168,61808775,PG-13,2 hr 3 min,Adventure,6.8,130153,7,1,22,65,60,16,134
Life as We Know It,2010,38000000,53374681,52359735,105734416,PG-13,1 hr 54 min,Comedy,6.6,101301,17,9,5,39,29,12,24
Transformers: Revenge of the Fallen,2009,200000000,402111870,434191823,836303693,PG-13,2 hr 29 min,Action,6.0,335757,11,16,5,35,323,587,675
Eagle Eye,2008,80000000,101440743,77326640,178767383,PG-13,1 hr 58 min,Action,6.6,156158,15,8,7,43,49,22,113
Cloverfield,2008,25000000,80048433,92345747,172394180,PG-13,1 hr 25 min,Horror,7.0,313803,7,4,26,64,126,243,637
Boyhood,2014,4000000,25352281,22785385,48137666,R,2 hr 45 min,Drama,7.9,286722,0,0,50,100,251,274,"1,717"
Skyfall,2012,200000000,304360277,804200736,1108561013,PG-13,2 hr 23 min,Action,7.8,547386,7,0,42,81,226,141,"1,377"
Dark Shadows,2012,150000000,79727149,165800000,245527149,PG-13,1 hr 53 min,Comedy,6.2,209326,26,1,15,55,190,80,185
Couples Retreat,2009,70000000,109204945,62639895,171844840,PG-13,1 hr 53 min,Comedy,5.5,86417,7,18,2,23,29,91,35
The Belko Experiment,2016,5000000,10166820,917810,11084630,R,1 hr 29 min,Horror,6.3,3712,7,9,5,44,39,20,24
Eddie the Eagle,2015,23000000,15789389,30363411,46152800,PG-13,1 hr 46 min,Biography,7.4,56332,14,3,17,54,24,7,111
Blended,2014,40000000,46294610,81700000,127994610,PG-13,1 hr 57 min,Comedy,6.5,93764,14,17,2,31,44,87,111
Lone Survivor,2013,40000000,125095601,29707311,154802912,R,2 hr 1 min,Action,7.5,218996,12,4,28,60,59,31,289
Paul,2011,40000000,37412945,60571070,97984015,R,1 hr 44 min,Adventure,7.0,201707,14,2,21,57,127,22,247
Twilight,2008,37000000,193962473,214462200,408424673,PG-13,2 hr 2 min,Drama,5.2,361449,17,3,18,56,201,429,392
The Hangover,2009,35000000,277322503,191988333,469310836,R,1 hr 40 min,Comedy,7.8,611563,4,1,26,73,110,93,796
Blue Valentine,2010,1000000,9706328,5734005,15440333,R,1 hr 52 min,Drama,7.4,151409,7,0,35,81,44,62,278
Seventh Son,2014,95000000,17223265,96955348,114178613,PG-13,1 hr 42 min,Action,5.5,59958,16,14,2,30,52,73,41
Free State of Jones,2016,50000000,20810036,4225914,25035950,R,2 hr 19 min,Action,6.9,29895,21,1,16,53,29,12,74
Shutter Island,2010,80000000,128012934,166791261,294804195,R,2 hr 18 min,Mystery,8.1,855604,7,4,26,63,93,60,"1,152"
Jennifer's Body,2009,16000000,16204793,15351268,31556061,R,1 hr 42 min,Comedy,5.1,96617,14,6,9,47,50,60,90
The Girl with the Dragon Tattoo,2009,13000000,10095170,94319030,104414200,R,2 hr 32 min,Crime,7.8,348551,9,1,31,71,67,36,650
The Girl with the Dragon Tattoo,2009,13000000,10095170,94319030,104414200,R,2 hr 32 min,Crime,7.8,348551,5,0,31,76,28,15,177
The Girl with the Dragon Tattoo,2011,90000000,102515793,130101637,232617430,R,2 hr 38 min,Crime,7.8,348551,9,1,31,71,67,36,650
The Girl with the Dragon Tattoo,2011,90000000,102515793,130101637,232617430,R,2 hr 38 min,Crime,7.8,348551,5,0,31,76,28,15,177
Green Lantern,2011,200000000,116601172,103250000,219851172,PG-13,1 hr 54 min,Action,5.6,231907,19,15,5,39,281,198,338
District 9,2009,30000000,115646235,95242715,210888950,R,1 hr 52 min,Action,8.0,556794,6,0,30,81,122,135,"1,191"
The Ghost Writer,2010,45000000,15541549,44789898,60331447,PG-13,2 hr 8 min,Drama,7.2,137964,5,0,30,77,26,24,186
The Ugly Truth,2009,38000000,88915214,232767386,321682600,R,1 hr 36 min,Comedy,6.5,172558,12,17,2,28,39,48,61
Public Enemies,2009,100000000,97104620,117000000,214104620,R,2 hr 20 min,Biography,7.0,240323,11,0,24,70,91,52,310
The Karate Kid,2010,40000000,176591618,182534404,359126022,PG,2 hr 20 min,Action,6.2,127983,9,0,6,60,4,1,30
The Karate Kid,2010,40000000,176591618,182534404,359126022,PG,2 hr 20 min,Action,6.2,127983,15,1,21,61,72,39,168
Zombieland,2009,23600000,75590286,26801794,102392080,R,1 hr 28 min,Adventure,7.7,409403,6,0,25,73,61,48,"1,024"
Pandorum,2009,33000000,10330853,10317475,20648328,R,1 hr 48 min,Action,6.8,126656,2,9,2,28,47,70,245
2012,2009,200000000,166112167,625105659,791217826,PG-13,2 hr 38 min,Action,5.8,297984,14,6,14,49,228,186,274
Up in the Air,2009,25000000,83823381,83019358,166842739,R,1 hr 49 min,Comedy,7.4,279694,4,0,32,83,74,64,379
The Bourne Legacy,2012,125000000,113203870,162940880,276144750,PG-13,2 hr 15 min,Action,6.7,245374,15,3,24,61,183,45,199
Diary of a Wimpy Kid,2010,15000000,64003625,12192913,76196538,PG,2 hr,Comedy,6.2,34184,12,2,13,56,43,14,56
Law Abiding Citizen,2009,50000000,73357727,54586481,127944208,R,1 hr 49 min,Action,7.4,228339,11,12,3,34,57,45,206
Gran Torino,2008,33000000,148095302,121862926,269958228,R,1 hr 56 min,Drama,8.2,595779,7,1,26,72,62,74,611
Jack Ryan: Shadow Recruit,2014,60000000,50577412,84926336,135503748,PG-13,1 hr 45 min,Action,6.2,103681,15,2,19,57,94,32,99
Out of the Furnace,2013,22000000,11330849,4330705,15661554,R,1 hr 56 min,Action,6.8,88829,16,1,23,63,46,9,143
Moneyball,2011,50000000,75605492,34600724,110206216,PG-13,2 hr 13 min,Biography,7.6,297395,2,0,40,87,71,14,538
The Lone Ranger,2013,215000000,89302115,171200000,260502115,PG-13,2 hr 30 min,Action,6.5,190855,25,14,6,37,144,128,389
Doctor Strange,2016,165000000,232641920,445076475,677718395,PG-13,1 hr 55 min,Action,7.6,293732,7,2,40,72,185,54,"1,513"
Disaster Movie,2008,20000000,14190901,20625923,34816824,PG-13,1 hr 27 min,Comedy,1.9,77207,2,10,0,15,8,278,34
The World's End,2013,20000000,26004851,20084436,46089287,R,1 hr 49 min,Action,7.0,199813,2,1,42,81,89,47,613
Cars 2,2011,200000000,191452396,368400000,559852396,G,1 hr 46 min,Adventure,6.2,110490,16,4,18,57,203,102,198
Brave,2012,185000000,237283207,301700000,538983207,PG,1 hr 33 min,Adventure,7.2,293941,8,0,29,69,151,56,557
Limitless,2011,27000000,79249455,82600000,161849455,PG-13,1 hr 45 min,Sci-Fi,7.4,444417,18,0,19,59,104,16,331
Resident Evil: Afterlife,2010,60000000,60128566,240099518,300228084,R,1 hr 36 min,Action,5.9,140900,6,7,1,37,135,105,160
Iron Man 2,2010,200000000,312433331,311500000,623933331,PG-13,2 hr 4 min,Action,7.0,556666,19,1,20,57,462,93,662
Let Me In,2010,20000000,12134935,14958657,27093592,R,1 hr 56 min,Drama,7.2,97141,3,0,32,79,39,16,410
Mission: Impossible - Ghost Protocol,2011,145000000,209397903,485315477,694713380,PG-13,2 hr 12 min,Action,7.4,382459,9,0,38,73,102,34,775
21 Jump Street,2012,42000000,138447667,63137661,201585328,R,1 hr 49 min,Action,7.2,432046,9,0,32,69,124,38,832
Red Dawn,2012,65000000,44806783,6143513,50950296,PG-13,1 hr 33 min,Action,5.4,64584,14,18,1,31,48,82,54
Red Dawn,2012,65000000,44806783,6143513,50950296,PG-13,1 hr 33 min,Action,5.4,64584,7,1,4,55,1,1,3
RoboCop,2014,100000000,58607007,184081958,242688965,PG-13,1 hr 57 min,Action,6.2,190833,3,0,13,67,22,6,336
RoboCop,2014,100000000,58607007,184081958,242688965,PG-13,1 hr 57 min,Action,6.2,190833,21,6,14,52,213,108,330
Your Highness,2011,49900000,21596445,6417288,28013733,R,1 hr 42 min,Comedy,5.6,87904,14,17,2,31,55,60,54
I Spit on Your Grave,2010,2000000,93051,1185599,1278650,R,1 hr 48 min,Horror,6.3,60133,4,9,1,27,31,19,52
This Is the End,2013,32000000,101470202,24571120,126041322,R,1 hr 47 min,Comedy,6.6,327838,13,1,27,67,131,98,552
RED,2010,58000000,90380162,108626225,199006387,PG-13,1 hr 51 min,Action,7.1,250012,13,1,24,60,70,27,248
Kick-Ass,2010,30000000,48071303,48117600,96188903,R,1 hr 57 min,Action,7.7,456749,7,4,27,66,84,52,"1,031"
300: Rise of an Empire,2014,110000000,106580051,231000000,337580051,R,1 hr 42 min,Action,6.2,237887,13,9,12,48,195,112,297
Immortals,2011,75000000,83504017,143400000,226904017,R,1 hr 50 min,Action,6.0,142900,11,6,6,46,132,52,111
Incendies,2010,6800000,2071334,5028264,7099598,R,2 hr 11 min,Drama,8.2,92863,6,0,36,80,12,5,130
Sex and the City 2,2010,100000000,95347692,195397363,290745055,R,2 hr 26 min,Comedy,4.3,62403,15,19,5,27,27,94,54
Scream 4,2011,40000000,38180928,59050492,97231420,R,1 hr 51 min,Horror,6.2,108544,17,3,12,52,116,69,245
Hercules,2014,100000000,72688614,172131248,244819862,PG-13,1 hr 38 min,Action,6.0,122838,12,7,6,47,114,45,160
Hercules,2014,100000000,72688614,172131248,244819862,PG-13,1 hr 38 min,Action,6.0,122838,3,1,18,74,6,1,42
Looper,2012,30000000,66486205,110020614,176506819,R,1 hr 53 min,Action,7.4,452369,2,0,42,84,167,85,"1,346"
Easy A,2010,8000000,58401464,16624752,75026216,PG-13,1 hr 32 min,Comedy,7.1,294950,3,0,32,72,60,34,294
The Social Network,2010,40000000,96962694,127957621,224920315,PG-13,2 hr,Biography,7.7,510100,1,0,41,95,169,86,"1,670"
Evil Dead,2013,17000000,54239856,43303096,97542952,R,1 hr 31 min,Fantasy,6.5,133113,17,3,18,57,113,56,437
Ghostbusters,2016,144000000,128350574,100796935,229147509,PG-13,1 hr 56 min,Action,5.3,147717,19,3,30,60,219,"1,285",430
Ghostbusters,2016,144000000,128350574,100796935,229147509,PG-13,1 hr 56 min,Action,5.3,147717,2,0,6,71,22,21,303
Teenage Mutant Ninja Turtles,2014,125000000,191204754,293800000,485004754,PG-13,1 hr 41 min,Action,5.9,178527,17,15,1,31,187,205,235
Warrior,2011,25000000,13657115,9651500,23308615,PG-13,2 hr 20 min,Drama,8.2,355722,5,1,29,71,30,11,431
How to Be Single,2016,38000000,46843513,65500000,112343513,R,1 hr 50 min,Comedy,6.1,59886,15,5,12,51,26,21,47
Pirates of the Caribbean: On Stranger Tides,2011,250000000,241071802,804642000,1045713802,PG-13,2 hr 16 min,Action,6.7,395025,21,7,11,45,288,100,350
Rise of the Planet of the Apes,2011,93000000,176760185,305040688,481800873,PG-13,1 hr 45 min,Action,7.6,422290,12,0,27,68,111,24,823
The Expendables,2010,80000000,103068524,171401870,274470394,R,1 hr 43 min,Action,6.5,283282,22,7,6,45,169,64,256
Gangster Squad,2013,60000000,46000903,59200000,105200903,R,1 hr 53 min,Action,6.7,181432,23,10,5,40,100,47,169
Despicable Me,2010,69000000,251513985,291600000,543113985,PG,1 hr 35 min,Animation,7.7,410607,8,0,27,72,90,24,509
The Twilight Saga: Breaking Dawn - Part 1,2011,110000000,281287133,430918723,712205856,PG-13,1 hr 57 min,Action,4.9,190244,19,9,8,45,100,278,216
The Twilight Saga: Eclipse,2010,68000000,300531751,397959596,698491347,PG-13,2 hr 4 min,Action,4.9,192740,19,0,19,58,133,170,184
Movie 43,2013,6000000,8840453,23602658,32443111,R,1 hr 34 min,Comedy,4.3,83625,4,18,1,18,51,271,89
Rock of Ages,2012,75000000,38518613,20900000,59418613,PG-13,2 hr 3 min,Comedy,5.9,64513,17,12,13,47,57,41,81
The Great Gatsby,2013,105000000,144840419,208801476,353641895,PG-13,2 hr 23 min,Drama,7.3,386102,23,3,19,55,188,64,575
Dredd,2012,50000000,13414714,27623028,41037742,R,1 hr 35 min,Action,7.1,213764,7,4,19,60,81,25,"1,016"
The Dark Knight Rises,2012,250000000,448139099,632902188,1081041287,PG-13,2 hr 44 min,Action,8.5,1222645,6,2,37,78,357,302,"3,483"
If I Stay,2014,11000000,50474843,27800000,78274843,PG-13,1 hr 47 min,Drama,6.8,92170,22,6,8,46,44,35,69
Passengers,2016,110000000,100014699,203129453,303144152,PG-13,1 hr 56 min,Drama,7.0,192177,23,16,9,41,192,79,398
Passengers,2016,110000000,100014699,203129453,303144152,PG-13,1 hr 56 min,Drama,7.0,192177,5,2,1,40,14,8,22
Black Mass,2015,53000000,62575678,37200000,99775678,R,2 hr 3 min,Biography,6.9,135706,11,0,32,68,92,25,329
Pride and Prejudice and Zombies,2016,28000000,10938134,5519360,16457494,PG-13,1 hr 48 min,Action,5.8,35003,20,7,7,45,54,22,42
Inception,2010,160000000,292576195,537318949,829895144,PG-13,2 hr 28 min,Action,8.8,1583625,6,3,33,74,217,187,"3,733"
Grown Ups,2010,80000000,162001186,109429003,271430189,PG-13,1 hr 42 min,Comedy,6.0,190385,13,16,3,30,96,134,137
The Adjustment Bureau,2011,50200000,62495645,65373734,127869379,PG-13,1 hr 46 min,Romance,7.1,208632,18,2,21,60,131,29,285
The Other Guys,2010,100000000,119219978,51238944,170458922,PG-13,1 hr 47 min,Action,6.7,199900,13,0,22,64,103,43,284
Suicide Squad,2016,175000000,325100054,421746840,746846894,PG-13,2 hr 3 min,Action,6.2,393727,26,16,11,40,876,833,"1,726"
Total Recall,2012,125000000,58877969,139589199,198467168,PG-13,1 hr 58 min,Action,6.3,210965,4,2,11,57,23,8,330
In the Heart of the Sea,2015,100000000,25020758,68900000,93920758,PG-13,2 hr 2 min,Action,6.9,90372,32,4,11,47,71,9,119
The Hunger Games,2012,78000000,408010692,286384032,694394724,PG-13,2 hr 22 min,Action,7.2,735604,8,2,39,68,371,201,"1,310"
Mad Max: Fury Road,2015,150000000,154058340,221151022,375209362,R,2 hr,Action,8.1,632842,1,0,50,90,206,271,"3,440"
Prisoners,2013,46000000,61002302,61124385,122126687,R,2 hr 33 min,Crime,8.1,431185,10,1,42,74,63,31,"1,007"
Straight Outta Compton,2015,28000000,161197785,40437206,201634991,R,2 hr 27 min,Biography,7.9,139831,10,0,31,72,39,41,359
Transformers: Dark of the Moon,2011,195000000,352390543,771403536,1123794079,PG-13,2 hr 34 min,Action,6.3,338369,23,8,6,42,343,276,485
Winter's Bone,2010,2000000,6531503,7265331,13796834,R,1 hr 40 min,Drama,7.2,116435,2,0,36,90,64,52,370
Unknown,2011,30000000,63686397,72023632,135710029,PG-13,1 hr 53 min,Action,6.9,218679,13,2,2,44,13,5,72
Unknown,2011,30000000,63686397,72023632,135710029,PG-13,1 hr 53 min,Action,6.9,218679,18,3,17,56,105,33,178
True Grit,2010,38000000,171243005,81033922,252276927,PG-13,1 hr 50 min,Drama,7.6,254904,1,1,39,80,71,32,593
Remember Me,2010,16000000,19068240,36964649,56032889,PG-13,1 hr 53 min,Drama,7.2,119376,10,11,8,40,21,24,167
Star Trek Into Darkness,2013,190000000,228778661,238586585,467365246,PG-13,2 hr 12 min,Action,7.8,417663,6,1,36,72,185,118,"1,296"
No Strings Attached,2011,25000000,70662220,78565857,149228077,R,1 hr 48 min,Comedy,6.2,178243,21,2,13,50,77,29,59
Riddick,2013,38000000,42025135,56312160,98337295,R,1 hr 59 min,Action,6.4,132098,14,8,13,49,101,39,272
Predators,2010,40000000,52000688,75232420,127233108,R,1 hr 47 min,Action,6.4,179450,17,3,10,51,140,63,254
The Wolverine,2013,120000000,132556852,282271394,414828246,PG-13,2 hr 6 min,Action,6.7,355362,19,1,26,61,265,100,604
Deadpool,2016,58000000,363070709,419541446,782612155,R,1 hr 48 min,Action,8.0,627797,13,3,33,65,279,212,"2,701"
Faster,2010,24000000,23240020,12386938,35626958,R,1 hr 38 min,Action,6.5,83788,12,5,7,44,44,11,63
Faster,2010,24000000,23240020,12386938,35626958,R,1 hr 38 min,Action,6.5,83788,4,1,4,57,1,1,2
Rio,2011,90000000,143619809,340246709,483866518,PG,1 hr 36 min,Adventure,6.9,173919,9,0,20,63,66,26,299
Battleship,2012,209000000,65422625,237602860,303025485,PG-13,2 hr 11 min,Action,5.8,210349,21,13,5,41,153,147,142
Under the Skin,2013,13300000,2614251,3121712,5735963,R,1 hr 48 min,Drama,6.3,94707,6,3,34,78,72,78,290
Prometheus,2012,130000000,126477084,276877385,403354469,R,2 hr 4 min,Adventure,7.0,485820,18,1,24,64,479,364,"1,258"
The Help,2011,25000000,169708112,46931000,216639112,PG-13,2 hr 26 min,Drama,8.1,342429,15,2,24,62,46,27,386
Gravity,2013,100000000,274092705,449100000,723192705,PG-13,1 hr 31 min,Drama,7.8,622089,0,0,49,96,364,331,"2,647"
The Conjuring,2013,20000000,137400141,182094497,319494638,R,1 hr 52 min,Horror,7.5,330305,8,1,26,68,98,51,960
I Am Number Four,2011,60000000,55100437,94778000,149878437,PG-13,1 hr 51 min,Action,6.1,202682,16,11,3,36,121,66,143
Bridget Jones's Baby,2016,35000000,24252420,187700000,211952420,R,2 hr 3 min,Comedy,6.7,43086,14,4,24,59,26,12,59
Bridesmaids,2011,32500000,169106725,119276798,288383523,R,2 hr 5 min,Comedy,6.8,227912,6,1,32,75,90,62,382
Oblivion,2013,120000000,89107235,197061337,286168572,PG-13,2 hr 4 min,Action,7.0,410125,21,2,18,54,269,88,740
Central Intelligence,2016,50000000,127440871,89531672,216972543,PG-13,1 hr 47 min,Action,6.3,97082,23,2,10,52,99,18,120
Horrible Bosses,2011,35000000,117538559,92300000,209838559,R,1 hr 38 min,Comedy,6.9,368556,14,5,21,57,115,28,397
The King's Speech,2010,15000000,138797449,288576868,427374317,R,1 hr 58 min,Biography,8.0,534388,2,0,39,88,59,15,728
The Three Musketeers,2011,75000000,20374484,111900000,132274484,PG-13,1 hr 50 min,Action,5.8,92329,8,6,1,35,51,53,55
Super,2010,2500000,327716,94902,422618,R,1 hr 36 min,Action,6.8,64535,13,4,10,50,36,10,152
The Host,2013,40000000,26627201,36738658,63365859,PG-13,2 hr 5 min,Action,5.9,96852,1,0,34,85,36,49,167
The Host,2013,40000000,26627201,36738658,63365859,PG-13,2 hr 5 min,Action,5.9,96852,13,12,3,35,53,78,77
The Host,2013,40000000,26627201,36738658,63365859,PG-13,2 hr 5 min,Action,7.0,73491,1,0,34,85,36,49,167
The Host,2013,40000000,26627201,36738658,63365859,PG-13,2 hr 5 min,Action,7.0,73491,13,12,3,35,53,78,77
Vacation,2015,31000000,58884188,48344033,107228221,R,1 hr 39 min,Adventure,6.1,74589,14,14,5,34,50,52,122
Exodus: Gods and Kings,2014,140000000,65014513,203161118,268175631,PG-13,2 hr 30 min,Action,6.0,137299,21,9,13,52,146,127,110
Trust,2010,4000000,120016,475786,595802,R,1 hr 46 min,Crime,7.0,36043,3,3,12,60,6,2,28
Elysium,2013,115000000,93050117,193090583,286140700,R,1 hr 49 min,Action,6.6,358932,17,4,26,61,252,98,928
Captain Phillips,2013,55000000,107100855,111690956,218791811,PG-13,2 hr 14 min,Biography,7.8,346154,4,0,44,83,57,23,630
The Mortal Instruments: City of Bones,2013,60000000,31165421,64231152,95396573,PG-13,2 hr 10 min,Action,5.9,112313,17,16,2,33,51,93,169
Blair Witch,2016,5000000,20777061,24396093,45173154,R,1 hr 29 min,Horror,5.1,26088,21,8,12,47,63,60,50
127 Hours,2010,18000000,18335230,42403567,60738797,R,1 hr 34 min,Biography,7.6,294010,1,0,37,82,59,23,593
Beautiful Creatures,2013,60000000,19452138,40600000,60052138,PG-13,2 hr 4 min,Drama,6.2,71822,17,4,19,52,48,26,71
One Day,2011,15000000,13843771,45545662,59389433,PG-13,1 hr 47 min,Drama,7.0,113599,24,4,13,48,38,18,47
Just Go with It,2011,80000000,103028109,111917482,214945591,PG-13,1 hr 57 min,Comedy,6.4,182069,15,13,3,33,62,43,127
Man on a Ledge,2012,42000000,18620000,29016031,47636031,PG-13,1 hr 42 min,Action,6.6,129252,18,10,4,40,58,14,77
G.I. Joe: Retaliation,2013,130000000,122523060,253217645,375740705,PG-13,1 hr 50 min,Action,5.8,152145,14,10,7,41,148,66,88
What to Expect When You're Expecting,2012,40000000,41152203,43231799,84384002,PG-13,1 hr 50 min,Comedy,5.7,60059,20,7,3,41,36,14,24
Maleficent,2014,180000000,241410378,517000000,758410378,PG,1 hr 37 min,Action,7.0,268877,21,4,19,56,179,80,408
Warm Bodies,2013,35000000,66380662,50600000,116980662,PG-13,1 hr 38 min,Comedy,6.9,193579,13,3,23,60,77,33,240
Insidious,2010,1500000,54009150,45547882,99557032,PG-13,1 hr 43 min,Horror,6.8,219916,11,5,14,52,114,45,360
Fast Five,2011,125000000,209837675,416300000,626137675,PG-13,2 hr 10 min,Action,7.3,300803,10,2,29,66,94,41,482
This Means War,2012,65000000,54760791,101730488,156491279,PG-13,1 hr 43 min,Action,6.3,154400,18,15,3,31,63,34,90
The Big Short,2015,28000000,70259870,63181000,133440870,R,2 hr 10 min,Biography,7.8,246360,6,2,37,81,56,22,603
Contagion,2011,60000000,75658097,60857770,136515867,PG-13,1 hr 46 min,Action,6.6,187004,4,1,33,70,124,43,295
The Drop,2014,12600000,10724389,7933992,18658381,R,1 hr 46 min,Crime,7.1,116118,8,0,28,69,38,12,170
American Reunion,2012,50000000,57011521,177978063,234989584,R,1 hr 53 min,Comedy,6.7,178471,20,5,9,49,80,17,156
Midnight in Paris,2011,17000000,56817045,97070531,153887576,PG-13,1 hr 36 min,Comedy,7.7,320323,0,0,40,81,63,27,558
Savages,2012,45000000,47382068,35584084,82966152,R,2 hr 11 min,Crime,6.5,107960,10,7,24,59,72,35,122
Jupiter Ascending,2015,176000000,47387723,136500000,183887723,PG-13,2 hr 7 min,Action,5.3,150121,17,15,8,40,189,290,201
The Last Witch Hunter,2015,90000000,27367660,119569250,146936910,PG-13,1 hr 46 min,Action,6.0,71149,7,12,3,34,77,44,130
Bleed for This,2016,6000000,5083906,1614773,6698679,R,1 hr 57 min,Biography,6.8,11900,14,1,19,62,13,5,27
Final Destination 5,2011,40000000,42587643,115300000,157887643,R,1 hr 32 min,Horror,5.9,88000,11,3,10,50,73,25,109
Oz the Great and Powerful,2013,215000000,234911825,258400000,493311825,PG,2 hr 10 min,Adventure,6.3,181521,21,10,11,44,196,81,236
Independence Day: Resurgence,2016,165000000,103144286,286537649,389681935,PG-13,2 hr,Action,5.3,127553,17,21,2,32,188,236,165
Friends with Benefits,2011,35000000,55802754,93739491,149542245,R,1 hr 49 min,Comedy,6.6,286543,10,2,25,63,97,25,185
In Time,2011,40000000,37520095,136410501,173930596,PG-13,1 hr 49 min,Action,6.7,319025,17,4,15,53,131,51,210
Ted,2012,50000000,218815487,330552828,549368315,R,1 hr 46 min,Comedy,7.0,494641,13,3,21,62,194,70,525
The Man from U.N.C.L.E.,2015,75000000,45445109,61600000,107045109,PG-13,1 hr 56 min,Action,7.3,202973,20,4,16,56,89,32,426
The Dictator,2012,65000000,59650222,119729311,179379533,R,1 hr 23 min,Comedy,6.4,225394,16,4,21,58,136,75,273
How to Train Your Dragon 2,2014,145000000,177002924,444534595,621537519,PG,1 hr 42 min,Action,7.9,237565,7,0,32,76,55,26,617
Wrath of the Titans,2012,150000000,83670083,218300000,301970083,PG-13,1 hr 39 min,Action,5.8,159230,18,10,4,37,153,79,94
Super 8,2011,50000000,127004179,133091807,260095986,PG-13,1 hr 52 min,Action,7.1,298913,13,0,28,72,156,62,603
Kick-Ass 2,2013,28000000,28795985,32000000,60795985,R,1 hr 43 min,Action,6.6,214825,20,10,5,41,162,74,445
Cinderella,2015,95000000,201151353,341200000,542351353,PG,1 hr 45 min,Drama,7.0,117018,1,0,14,85,5,1,13
Cinderella,2015,95000000,201151353,341200000,542351353,PG,1 hr 45 min,Drama,7.0,117018,17,1,29,67,95,28,292
The Revenant,2015,135000000,183637894,349312609,532950503,R,2 hr 36 min,Action,8.0,499424,5,1,6,57,5,2,13
The Revenant,2015,135000000,183637894,349312609,532950503,R,2 hr 36 min,Action,8.0,499424,8,1,41,76,174,96,"1,396"
Pacific Rim,2013,190000000,101802906,309200000,411002906,PG-13,2 hr 11 min,Action,7.0,400519,12,4,32,65,239,149,"1,258"
Now You See Me,2013,75000000,117723989,234000000,351723989,PG-13,1 hr 55 min,Crime,7.3,492324,22,3,10,50,177,86,496
The Twilight Saga: Breaking Dawn - Part 2,2012,120000000,292324737,537422083,829746820,PG-13,1 hr 55 min,Adventure,5.5,194329,18,3,10,52,113,171,157
Entourage,2015,30000000,32363404,16900000,49263404,R,1 hr 44 min,Comedy,6.6,64557,20,13,7,38,49,51,59
Trolls,2016,125000000,153707064,193157398,346864462,PG,1 hr 32 min,Adventure,6.5,38552,13,5,14,56,39,20,100
Despicable Me 2,2013,76000000,368065385,602700620,970766005,PG,1 hr 38 min,Adventure,7.4,304837,17,1,21,62,115,33,381
"Alexander and the Terrible, Horrible, No Good, Very Bad Day",2014,28000000,66954149,33700000,100654149,PG,1 hr 21 min,Comedy,6.2,32310,15,2,11,54,38,18,43
Sausage Party,2016,19000000,97685686,43019636,140705322,R,1 hr 29 min,Adventure,6.3,120690,9,1,29,66,179,151,288
Safe Haven,2013,28000000,71349120,26245020,97594140,PG-13,1 hr 55 min,Drama,6.7,84765,19,13,1,34,27,21,36
Office Christmas Party,2016,45000000,54767494,59733805,114501299,R,1 hr 45 min,Comedy,5.8,30761,20,10,5,42,51,19,23
We're the Millers,2013,37000000,150394119,119600000,269994119,R,1 hr 50 min,Comedy,7.0,334867,21,10,7,44,97,37,263
Scouts Guide to the Zombie Apocalypse,2015,15000000,3703046,12434000,16137046,R,1 hr 33 min,Action,6.3,31651,7,9,1,32,32,20,41
Ender's Game,2013,110000000,61737191,63806833,125544024,PG-13,1 hr 54 min,Action,6.7,194236,20,5,14,51,142,77,332
Snow White and the Huntsman,2012,170000000,155332381,241260448,396592829,PG-13,2 hr 7 min,Action,6.1,239772,17,4,18,57,248,70,244
Secret in Their Eyes,2015,19500000,20180155,14674835,34854990,PG-13,1 hr 51 min,Crime,6.2,27585,15,8,5,45,23,11,16
Moonrise Kingdom,2012,16000000,45512466,22750700,68263166,PG-13,1 hr 34 min,Comedy,7.8,254446,0,1,42,84,69,41,659
This Is 40,2012,35000000,67544505,20670651,88215156,R,2 hr 14 min,Comedy,6.2,108156,8,7,24,59,67,45,97
The Expendables 2,2012,100000000,85028192,229947763,314975955,R,1 hr 43 min,Action,6.6,257395,15,2,11,51,130,40,324
Wreck-It Ralph,2012,165000000,189422889,281800000,471222889,PG,1 hr 41 min,Adventure,7.8,290559,9,1,28,72,54,30,813
The Maze Runner,2014,34000000,102427862,245891999,348319861,PG-13,1 hr 53 min,Action,6.8,335531,17,2,15,57,163,72,379
Zero Dark Thirty,2012,40000000,95720716,37100000,132820716,R,2 hr 37 min,Drama,7.4,226661,2,0,44,95,182,187,804
Southpaw,2015,30000000,52421953,39548874,91970827,R,2 hr 4 min,Drama,7.4,169083,22,3,17,57,67,20,305
Her,2013,23000000,25568251,22949176,48517427,R,2 hr 6 min,Drama,8.0,390531,4,0,43,90,84,71,"1,405"
American Hustle,2013,40000000,150117807,101054000,251171807,R,2 hr 18 min,Crime,7.3,379088,1,0,46,90,202,132,968
That Awkward Moment,2014,8000000,26068955,19571188,45640143,R,1 hr 34 min,Comedy,6.2,81823,16,13,4,36,37,29,45
Unbroken,2014,65000000,115637895,45821402,161459297,PG-13,2 hr 17 min,Biography,7.2,114006,22,1,25,59,83,43,171
After Earth,2013,130000000,60522097,183089885,243611982,PG-13,1 hr 40 min,Action,4.9,166512,17,20,4,33,163,314,137
The Place Beyond the Pines,2012,15000000,21403519,25649380,47052899,R,2 hr 20 min,Crime,7.3,200090,13,0,29,68,50,17,494
Annie,2014,65000000,85911262,50942244,136853506,PG,1 hr 58 min,Comedy,5.3,27312,4,4,2,39,10,7,20
Annie,2014,65000000,85911262,50942244,136853506,PG,1 hr 58 min,Comedy,5.3,27312,19,14,5,33,24,47,57
Chappie,2015,49000000,31569268,71242621,102811889,R,2 hr,Action,6.9,188769,20,11,8,41,188,86,553
Divergent,2014,85000000,150947895,137937923,288885818,PG-13,2 hr 19 min,Action,6.7,362093,24,2,12,48,195,130,304
Captain America: The Winter Soldier,2014,170000000,259766572,454654931,714421503,PG-13,2 hr 16 min,Action,7.8,542362,7,1,40,70,141,84,"2,025"
Sisters,2015,30000000,87044645,17966408,105011053,R,1 hr 58 min,Comedy,6.0,50241,11,4,21,58,38,28,75
Django Unchained,2012,100000000,162805434,262562804,425368238,R,2 hr 45 min,Drama,8.4,1039115,5,0,37,81,117,82,"2,024"
Percy Jackson: Sea of Monsters,2013,90000000,68559554,131290761,199850315,PG,1 hr 46 min,Adventure,5.9,91684,20,8,5,39,84,75,78
End of Watch,2012,7000000,41003371,14074775,55078146,R,1 hr 49 min,Action,7.7,192190,7,2,28,68,41,19,288
Resident Evil: Retribution,2012,65000000,42345531,197813724,240159255,R,1 hr 35 min,Action,5.4,114144,10,5,2,39,121,172,166
Dirty Grandpa,2016,25000000,35593113,58479915,94073028,R,1 hr 42 min,Comedy,6.0,75137,7,18,2,21,49,120,64
Deepwater Horizon,2016,110000000,61433527,60356846,121790373,PG-13,1 hr 47 min,Action,7.2,89849,12,1,39,68,43,16,212
The Judge,2014,50000000,47119388,37300000,84419388,R,2 hr 21 min,Crime,7.4,146812,21,6,12,48,54,19,185
X-Men: Days of Future Past,2014,200000000,233921534,512124166,746045700,PG-13,2 hr 12 min,Action,8.0,552298,6,0,38,75,173,100,"1,842"
The Edge of Seventeen,2016,9000000,14431633,4938387,19370020,R,1 hr 44 min,Comedy,7.4,47694,4,0,34,77,30,8,164
Flight,2012,31000000,93772375,68000000,161772375,R,2 hr 18 min,Drama,7.3,276347,7,0,33,76,81,21,283
Magic Mike,2012,7000000,113721571,54017797,167739368,R,1 hr 50 min,Comedy,6.1,113686,5,0,33,72,71,55,148
Pompeii,2014,100000000,23219748,94611883,117831631,PG-13,1 hr 45 min,Action,5.5,90188,16,11,6,39,88,58,65
Sinister,2012,3000000,48086903,34428210,82515113,R,1 hr 50 min,Horror,6.8,171169,15,3,12,53,94,23,276
Trance,2013,20000000,2328743,21932826,24261569,R,1 hr 41 min,Crime,7.0,97141,12,2,23,61,54,16,413
Let's Be Cops,2014,17000000,82390774,55834177,138224951,R,1 hr 44 min,Action,6.5,112729,9,12,2,30,49,27,100
Seven Psychopaths,2012,15000000,15024049,17202333,32226382,R,1 hr 50 min,Comedy,7.2,196652,13,1,29,66,64,48,254
Miss Peregrine's Home for Peculiar Children,2016,110000000,87242834,209239612,296482446,PG-13,2 hr 7 min,Adventure,6.7,101058,18,3,22,57,112,28,175
Carrie,2013,30000000,35266619,49524059,84790678,R,1 hr 40 min,Drama,5.9,113272,18,5,11,53,125,65,162
Carrie,2013,30000000,35266619,49524059,84790678,R,1 hr 40 min,Drama,5.9,113272,2,0,12,85,5,1,49
The Hunger Games: Catching Fire,2013,130000000,424668047,440343699,865011746,PG-13,2 hr 26 min,Action,7.6,525646,5,0,44,76,123,98,"1,216"
The Hunger Games: Mockingjay - Part 1,2014,125000000,337135885,418220826,755356711,PG-13,2 hr 3 min,Action,6.7,331902,15,2,29,64,286,138,513
The Hunger Games: Mockingjay - Part 2,2015,160000000,281723902,376620235,658344137,PG-13,2 hr 17 min,Action,6.6,202380,11,2,32,65,194,87,416
Sex Tape,2014,40000000,38543473,87526036,126069509,R,1 hr 34 min,Comedy,5.1,89885,19,14,3,36,49,130,33
Noah,2014,125000000,101200044,258000000,359200044,PG-13,2 hr 18 min,Action,5.8,209700,11,1,34,68,196,237,341
Tomorrowland,2015,190000000,93436322,115599346,209035668,PG,2 hr 10 min,Action,6.5,143069,18,1,28,60,191,50,265
The Best of Me,2014,26000000,26766213,11843455,38609668,PG-13,1 hr 58 min,Drama,6.7,49041,9,16,1,29,13,24,30
Rules Don't Apply,2016,25000000,3652206,233136,3885342,PG-13,2 hr 7 min,Comedy,5.7,3731,18,2,20,60,16,5,7
Rush,2013,38000000,26947624,70035385,96983009,R,2 hr 3 min,Biography,8.1,339722,4,1,38,75,30,15,608
Pain & Gain,2013,26000000,49875291,37430258,87305549,R,2 hr 9 min,Action,6.5,168875,20,10,12,45,92,41,192
Thor: The Dark World,2013,170000000,206362140,438421000,644783140,PG-13,1 hr 52 min,Action,7.0,443584,19,3,22,54,328,114,971
Pitch Perfect,2012,17000000,65001093,50349333,115350426,PG-13,1 hr 52 min,Comedy,7.2,226631,10,0,23,66,55,26,230
Neighbors,2014,18000000,150157400,120507734,270665134,R,1 hr 37 min,Comedy,6.4,236500,11,1,33,68,141,62,243
Guardians of the Galaxy,2014,170000000,333176600,439600000,772776600,PG-13,2 hr 1 min,Action,8.1,757074,4,1,48,76,179,118,"2,829"
Diary of a Wimpy Kid: Dog Days,2012,22000000,49008662,28221033,77229695,PG,1 hr 34 min,Comedy,6.4,16917,12,2,8,54,13,10,38
Mama,2013,15000000,71628180,74800000,146428180,PG-13,1 hr 40 min,Horror,6.2,142560,15,3,17,57,119,68,230
12 Years a Slave,2013,20000000,56671993,131061209,187733202,R,2 hr 14 min,Biography,8.1,486338,1,0,56,96,107,109,"1,221"
The Great Wall,2016,150000000,45540830,289393001,334933831,PG-13,1 hr 43 min,Action,6.1,56036,21,12,7,42,103,48,95
The Gambler,2014,25000000,33680992,5600000,39280992,R,1 hr 51 min,Crime,6.0,52537,18,4,18,55,43,26,35
Point Break,2015,105000000,28782481,104936230,133718711,PG-13,1 hr 54 min,Action,5.3,44553,11,0,9,58,16,6,103
Point Break,2015,105000000,28782481,104936230,133718711,PG-13,1 hr 54 min,Action,5.3,44553,7,12,2,34,48,59,28
Steve Jobs,2015,30000000,17766658,16675215,34441873,R,2 hr 2 min,Biography,7.2,116112,3,1,41,82,66,56,342
Assassin's Creed,2016,125000000,54647948,186049908,240697856,PG-13,1 hr 55 min,Action,5.9,112813,16,18,4,36,251,194,458
Inside Out,2015,175000000,356461711,501149463,857611174,PG,1 hr 35 min,Adventure,8.2,416689,3,5,0,28,0,3,2
Inside Out,2015,175000000,356461711,501149463,857611174,PG,1 hr 35 min,Adventure,8.2,416689,0,0,55,94,92,74,"1,852"
Spring Breakers,2012,5000000,14124284,17600000,31724284,R,1 hr 34 min,Crime,5.3,114290,9,5,26,63,90,128,222
Dawn of the Planet of the Apes,2014,170000000,208545589,502098977,710644566,PG-13,2 hr 10 min,Action,7.6,337777,4,0,44,79,107,50,"1,104"
Hacksaw Ridge,2016,40000000,67209615,113241303,180450918,R,2 hr 19 min,Biography,8.2,211760,7,0,40,71,53,22,645
Pixels,2015,88000000,78747585,166127224,244874809,PG-13,1 hr 45 min,Action,5.6,101092,12,23,2,27,113,213,220
San Andreas,2015,110000000,155190832,318800000,473990832,PG-13,1 hr 54 min,Action,6.1,161396,18,12,12,43,172,85,172
Saving Mr. Banks,2013,35000000,83301580,34566404,117867984,PG-13,2 hr 5 min,Biography,7.5,125693,12,2,32,65,44,10,247
The Accountant,2016,44000000,86260045,68900000,155160045,R,2 hr 8 min,Action,7.4,162122,24,6,15,51,77,24,308
Horrible Bosses 2,2014,42000000,54445357,53200000,107645357,R,1 hr 48 min,Comedy,6.3,125190,17,13,6,40,96,24,83
3 Days to Kill,2014,28000000,30697999,22562231,53260230,PG-13,1 hr 57 min,Action,6.2,73567,16,10,4,40,54,23,44
American Sniper,2014,58800000,350126372,197300000,547426372,R,2 hr 13 min,Action,7.3,353305,12,0,36,72,197,161,664
Into the Woods,2014,50000000,128002372,84900000,212902372,PG,2 hr 5 min,Adventure,6.0,109756,10,0,31,69,110,80,211
The Purge,2013,3000000,64473115,24855512,89328627,R,1 hr 25 min,Horror,5.7,154588,17,10,6,41,202,129,170
Grown Ups 2,2013,80000000,133668525,113315753,246984278,PG-13,1 hr 41 min,Comedy,5.4,114482,3,24,1,19,65,217,69
The Counselor,2013,25000000,16973715,54035619,71009334,R,1 hr 57 min,Crime,5.3,84927,15,12,15,48,82,83,127
The Other Woman,2014,40000000,83911193,112799203,196710396,PG-13,1 hr 49 min,Comedy,6.0,110825,16,12,7,39,50,48,66
The Other Woman,2014,40000000,83911193,112799203,196710396,PG-13,1 hr 49 min,Comedy,6.0,110825,9,4,3,37,9,4,4
Transcendence,2014,100000000,23022309,80016949,103039258,PG-13,1 hr 59 min,Action,6.3,184564,27,10,8,42,128,76,188
Home,2015,135000000,177397510,208644097,386041607,PG,1 hr 34 min,Adventure,6.7,77447,19,2,10,55,64,42,187
Don Jon,2013,3000000,24477704,14961651,39439355,R,1 hr 30 min,Comedy,6.6,199973,7,3,31,66,83,30,231
The Internship,2013,58000000,44672764,48820080,93492844,PG-13,1 hr 59 min,Comedy,6.3,166342,20,9,7,42,97,44,107
Money Monster,2016,27000000,41012075,52270529,93282604,R,1 hr 38 min,Crime,6.5,68654,15,4,25,55,63,11,108
Big Hero 6,2014,165000000,222527828,435300000,657827828,PG,1 hr 42 min,Action,7.8,309186,5,0,33,74,101,40,712
The Book of Life,2014,50000000,50151543,49632013,99783556,PG,1 hr 35 min,Adventure,7.3,50388,6,1,20,67,29,13,126
Kung Fu Panda 3,2016,145000000,143528619,377642206,521170825,PG,1 hr 35 min,Action,7.2,89791,11,0,23,66,79,19,284
Gone Girl,2014,61000000,167767189,201563174,369330363,R,2 hr 29 min,Drama,8.1,636243,10,0,39,79,100,80,"1,227"
Magic Mike XXL,2015,14800000,66013057,51800000,117813057,R,1 hr 55 min,Comedy,5.7,42506,16,3,22,60,43,25,43
The Grand Budapest Hotel,2014,25000000,59301324,113635617,172936941,R,1 hr 39 min,Adventure,8.1,530881,3,0,45,88,71,53,"1,144"
Minions,2015,74000000,336045770,823352627,1159398397,PG,1 hr 31 min,Adventure,6.4,159830,17,3,15,56,171,106,197
22 Jump Street,2014,50000000,191719337,139614539,331333876,R,1 hr 52 min,Action,7.1,280110,8,0,38,71,100,46,670
Frozen,2013,150000000,400738009,880064273,1280802282,PG,1 hr 42 min,Adventure,7.5,451894,8,4,4,43,27,19,41
Frozen,2013,150000000,400738009,880064273,1280802282,PG,1 hr 42 min,Adventure,7.5,451894,6,0,37,74,176,149,981
Olympus Has Fallen,2013,70000000,98925640,71344561,170270201,R,1 hr 59 min,Action,6.5,214994,16,6,8,41,136,86,170
The 5th Wave,2016,38000000,34916787,74989585,109906372,PG-13,1 hr 52 min,Action,5.2,73093,11,17,2,33,85,118,113
Endless Love,2014,20000000,23438250,11279923,34718173,PG-13,1 hr 44 min,Drama,6.3,33688,11,19,2,30,9,24,17
Fifty Shades of Grey,2015,40000000,166167230,403484237,569651467,R,2 hr 5 min,Drama,4.1,244474,29,8,9,46,149,750,222
White House Down,2013,150000000,73103784,132262953,205366737,PG-13,2 hr 11 min,Action,6.4,173320,19,7,17,52,100,55,131
The Disappointments Room,2016,15000000,2423468,3321572,5745040,R,1 hr 25 min,Drama,3.9,4895,4,3,0,31,11,17,2
Mission: Impossible - Rogue Nation,2015,150000000,195042377,487671890,682714267,PG-13,2 hr 11 min,Action,7.4,257472,6,0,40,75,103,30,732
Focus,2015,50100000,53862963,104900000,158762963,R,1 hr 45 min,Comedy,6.6,166489,15,2,10,53,1,1,2
Focus,2015,50100000,53862963,104900000,158762963,R,1 hr 45 min,Comedy,6.6,166489,13,5,24,56,113,31,119
The Huntsman: Winter's War,2016,115000000,48390190,116599148,164989338,PG-13,1 hr 54 min,Action,6.1,66766,24,15,2,35,85,45,58
Keeping Up with the Joneses,2016,40000000,14904426,15014319,29918745,PG-13,1 hr 45 min,Action,5.8,30405,16,13,2,34,41,12,38
Oculus,2013,5000000,27695246,16764705,44459951,R,1 hr 44 min,Horror,6.5,92875,9,2,17,61,74,314,186
The Green Inferno,2013,5000000,7192291,5474158,12666449,R,1 hr 40 min,Adventure,5.4,26461,8,9,2,38,41,37,25
Gods of Egypt,2016,140000000,31153464,119527400,150680864,PG-13,2 hr 7 min,Action,5.5,73568,10,15,0,25,92,155,119
The Family,2013,30000000,36918811,41500000,78418811,R,1 hr 51 min,Comedy,6.3,92868,14,10,8,42,77,18,73
Woman in Gold,2015,11000000,33307793,28311980,61619773,PG-13,1 hr 49 min,Biography,7.3,39723,18,2,11,51,27,8,70
The Magnificent Seven,2016,90000000,93432655,68927981,162360636,PG-13,2 hr 12 min,Action,6.9,122853,29,2,19,54,99,27,182
The Magnificent Seven,2016,90000000,93432655,68927981,162360636,PG-13,2 hr 12 min,Action,6.9,122853,4,0,9,74,1,1,15
The Heat,2013,43000000,159582188,70348583,229930771,R,1 hr 57 min,Action,6.6,140151,11,3,23,60,70,47,176
Taken 3,2014,48000000,89256424,237222717,326479141,PG-13,1 hr 48 min,Action,6.0,144715,11,18,1,26,118,114,82
Joy,2015,60000000,56451232,44682827,101134059,PG-13,2 hr 4 min,Drama,6.6,97679,25,2,21,56,95,31,146
Star Wars: Episode VII - The Force Awakens,2015,245000000,936662225,1131561399,2068223624,PG-13,2 hr 18 min,Action,8.1,661608,4,0,51,81,"1,032","1,423","4,744"
Burnt,2015,20000000,13651946,22954797,36606743,R,1 hr 41 min,Comedy,6.6,76469,20,5,3,42,38,13,47
Hotel Transylvania 2,2015,80000000,169700110,305099890,474800000,PG,1 hr 29 min,Animation,6.7,69157,12,8,4,44,57,15,150
The Gunman,2015,40000000,10664749,13512388,24177137,R,1 hr 55 min,Action,5.8,31194,24,13,4,39,34,26,18
Arrival,2016,47000000,100546139,102842047,203388186,PG-13,1 hr 56 min,Drama,8.0,340798,4,1,47,81,142,120,"1,440"
The Light Between Oceans,2016,20000000,12545979,13429642,25975621,PG-13,2 hr 13 min,Drama,7.2,27382,20,0,24,60,21,11,66
Crimson Peak,2015,55000000,31090320,43589502,74679822,R,1 hr 59 min,Drama,6.6,97454,12,1,24,66,119,38,373
A Million Ways to Die in the West,2014,40000000,43139300,44050456,87189756,R,1 hr 56 min,Comedy,6.1,144779,19,12,12,44,137,96,110
Get Hard,2015,40000000,90411453,21300000,111711453,R,1 hr 40 min,Comedy,6.0,95119,21,19,3,34,68,86,59
Birdman or (The Unexpected Virtue of Ignorance),2014,18000000,42340598,60874496,103215094,R,1 hr 59 min,Comedy,7.8,440299,5,2,51,87,137,131,"1,422"
Alice Through the Looking Glass,2016,170000000,77041381,222415643,299457024,PG,1 hr 53 min,Adventure,6.2,57207,19,20,3,34,103,70,143
Me and Earl and the Dying Girl,2015,8000000,6758416,2316333,9074749,PG-13,1 hr 45 min,Comedy,7.8,92076,3,3,34,74,21,5,170
Hell or High Water,2016,12000000,27007844,10872033,37879877,R,1 hr 42 min,Action,7.7,115546,1,0,46,88,54,15,571
Whiplash,2014,3300000,13092000,35890041,48982041,R,1 hr 46 min,Drama,8.5,477276,1,0,48,88,45,37,"1,259"
The Fault in Our Stars,2014,12000000,124872350,182294484,307166834,PG-13,2 hr 6 min,Drama,7.8,271301,10,1,34,69,58,56,354
Resident Evil: The Final Chapter,2016,40000000,26830068,285412558,312242626,R,1 hr 47 min,Action,5.6,46165,10,3,6,49,84,128,141
Ted 2,2015,68000000,81476385,134387221,215863606,R,1 hr 55 min,Comedy,6.3,136323,17,10,11,48,125,52,178
Ben-Hur,2016,100000000,26410477,67650834,94061311,PG-13,2 hr 3 min,Action,5.7,28326,21,10,3,38,43,43,57
Star Trek Beyond,2016,185000000,158848340,184623476,343471816,PG-13,2 hr 2 min,Action,7.1,164567,8,3,39,68,195,108,577
Fences,2016,24000000,57682904,6731857,64414761,PG-13,2 hr 19 min,Drama,7.3,50953,5,0,43,79,33,20,189
Me Before You,2016,20000000,56245075,152069111,208314186,PG-13,1 hr 46 min,Drama,7.4,113322,13,5,18,51,51,34,139
Night at the Museum: Secret of the Tomb,2014,127000000,113746621,249458014,363204635,PG,1 hr 38 min,Adventure,6.2,74886,14,9,10,47,72,19,59
The Boss,2016,29000000,63285885,15558697,78844582,R,1 hr 39 min,Comedy,5.4,29642,20,14,5,40,31,43,30
The Secret Life of Pets,2016,75000000,368384330,507073607,875457937,PG,1 hr 27 min,Adventure,6.6,120259,15,1,23,61,138,47,177
Fury,2014,68000000,85817906,126000000,211817906,R,2 hr 14 min,Action,7.6,332234,17,1,29,64,125,65,530
Blackhat,2015,70000000,8005980,11646077,19652057,R,2 hr 13 min,Action,5.4,43085,12,9,16,51,52,33,42
Everest,2015,55000000,43482270,159945314,203427584,PG-13,2 hr 1 min,Action,7.1,154647,14,1,24,64,97,17,234
The Longest Ride,2015,34000000,37446117,25498698,62944815,PG-13,2 hr 3 min,Drama,7.1,58421,13,17,0,33,17,25,33
Pete's Dragon,2016,65000000,76233151,67462187,143695338,PG,1 hr 42 min,Action,6.8,36322,13,0,29,71,38,20,110
Kingsman: The Secret Service,2014,81000000,128261724,286089822,414351546,R,2 hr 9 min,Action,7.7,440209,13,6,31,60,140,114,"1,352"
Mike and Dave Need Wedding Dates,2016,33000000,46009673,31058573,77068246,R,1 hr 38 min,Comedy,6.0,53183,14,4,14,51,43,29,70
Pitch Perfect 2,2015,29000000,184296230,102847849,287144079,PG-13,1 hr 55 min,Comedy,6.5,108306,12,2,25,63,102,55,157
Nightcrawler,2014,8500000,32381217,15017775,47398992,R,1 hr 57 min,Crime,7.9,332476,7,0,38,76,52,21,"1,095"
Lucy,2014,40000000,126663600,332200000,458863600,R,1 hr 29 min,Action,6.4,352698,16,2,27,61,241,171,646
John Wick,2014,20000000,43037835,42975221,86013056,R,1 hr 41 min,Action,7.2,321933,5,4,31,68,158,65,"1,104"
Batman v Superman: Dawn of Justice,2016,250000000,330360194,543274725,873634919,PG-13,2 hr 31 min,Action,6.7,472307,31,10,10,44,"1,197","1,116","4,100"
The Theory of Everything,2014,15000000,35893537,87833151,123726688,PG-13,2 hr 3 min,Biography,7.7,299718,11,0,36,72,62,23,437
The Jungle Book,2016,175000000,364001123,602549477,966550600,PG,1 hr 46 min,Adventure,7.5,198243,1,0,7,65,6,0,21
The Jungle Book,2016,175000000,364001123,602549477,966550600,PG,1 hr 46 min,Adventure,7.5,198243,7,0,42,77,108,44,589
Inferno,2016,75000000,34343574,185677685,220021259,PG-13,2 hr 1 min,Action,6.2,97623,27,11,9,42,90,31,61
The Conjuring 2,2016,40000000,102470008,217922810,320392818,R,2 hr 14 min,Horror,7.4,137203,10,3,25,65,72,42,468
Creed,2015,35000000,109767581,63800000,173567581,PG-13,2 hr 13 min,Drama,7.6,175673,7,0,35,82,71,27,598
Spy,2015,65000000,110825712,124840507,235666219,R,2 hr,Action,7.1,188017,6,1,33,75,99,292,391
Trainwreck,2015,35000000,110212700,30583093,140795793,R,2 hr 5 min,Comedy,6.3,106364,9,1,35,75,89,123,196
The Boy Next Door,2015,4000000,35423380,17002475,52425855,R,1 hr 31 min,Horror,4.6,30180,10,21,2,30,23,41,44
Fantastic Beasts and Where to Find Them,2016,180000000,234037575,580000000,814037575,PG-13,2 hr 12 min,Adventure,7.5,232072,15,2,33,66,221,89,807
Sully,2016,60000000,125070033,115727590,240797623,PG-13,1 hr 36 min,Biography,7.5,137608,11,0,35,74,48,10,305
London Has Fallen,2016,60000000,62524260,143230187,205754447,R,1 hr 39 min,Action,5.9,100702,12,19,4,28,83,66,75
Concussion,2015,35000000,34542474,14081098,48623572,PG-13,2 hr 3 min,Biography,7.1,61274,18,2,19,55,36,21,84
Concussion,2015,35000000,34542474,14081098,48623572,PG-13,2 hr 3 min,Biography,7.1,61274,10,2,7,56,2,1,3
Annabelle,2014,6500000,84273813,172773848,257047661,R,1 hr 39 min,Horror,5.4,91106,12,12,3,37,135,119,112
Pan,2015,150000000,35088320,93300000,128388320,PG,1 hr 51 min,Adventure,5.8,47804,13,15,7,36,62,70,74
Friend Request,2016,9900000,3759078,7216312,10975390,R,1 hr 32 min,Horror,5.4,12758,7,10,1,31,10,17,14
Max,2015,20000000,42656255,1311000,43967255,PG,1 hr 51 min,Adventure,6.8,21405,8,5,17,56,1,0,6
Max,2015,20000000,42656255,1311000,43967255,PG,1 hr 51 min,Adventure,6.8,21405,14,3,8,47,13,6,24
X-Men: Apocalypse,2016,178000000,155442489,388491616,543934105,PG-13,2 hr 24 min,Action,7.1,275510,29,3,16,52,382,181,787
Jack Reacher: Never Go Back,2016,60000000,58697076,103449000,162146076,PG-13,1 hr 58 min,Action,6.1,78043,26,7,10,47,95,23,68
Sicario,2015,30000000,46889293,37983151,84872444,R,2 hr 1 min,Action,7.6,243230,4,0,44,82,95,46,891
Ice Age: Collision Course,2016,105000000,64063008,344516030,408579038,PG,1 hr 34 min,Adventure,5.7,34523,15,11,1,34,63,80,39
The Hateful Eight,2015,44000000,54117416,101642701,155760117,R,2 hr 48 min,Crime,7.8,341170,12,5,34,68,173,143,"1,195"
Sing,2016,75000000,270395425,363756254,634151679,PG,1 hr 48 min,Animation,7.2,60545,13,3,21,59,64,40,124
The Walk,2015,35000000,10137502,51044440,61181942,PG,2 hr 3 min,Adventure,7.3,92378,8,0,33,70,34,12,183
Captain America: Civil War,2016,250000000,408084349,745211944,1153296293,PG-13,2 hr 27 min,Action,7.9,411656,11,0,42,75,315,244,"2,991"
Nerve,2016,19000000,38583626,46667799,85251425,PG-13,1 hr 36 min,Adventure,6.6,69651,15,0,18,58,78,18,127
Whiskey Tango Foxtrot,2016,35000000,23083334,1888805,24972139,R,1 hr 52 min,Biography,6.6,36156,16,4,24,57,29,9,52
The Visit,2015,5000000,65206105,33243957,98450062,PG-13,1 hr 34 min,Horror,6.2,81429,12,5,17,55,112,50,176
Paper Towns,2015,12000000,32000304,53511996,85512300,PG-13,1 hr 49 min,Comedy,6.3,72515,21,1,12,56,55,28,89
The Girl on the Train,2016,45000000,75395035,97790824,173185859,R,1 hr 52 min,Crime,6.5,102177,5,0,16,68,1,1,2
The Girl on the Train,2016,45000000,75395035,97790824,173185859,R,1 hr 52 min,Crime,6.5,102177,27,9,13,48,102,33,101
Allied,2016,85000000,40098064,79421959,119520023,R,2 hr 4 min,Action,7.1,78079,19,3,22,60,77,19,136
The Martian,2015,108000000,228433663,401728227,630161890,PG-13,2 hr 24 min,Adventure,8.0,556097,6,0,40,80,176,88,"1,524"
Bridge of Spies,2015,40000000,72313754,93164594,165478348,PG-13,2 hr 22 min,Drama,7.6,217938,1,0,47,81,76,22,483
The BFG,2016,140000000,55483770,139759641,195243411,PG,1 hr 57 min,Adventure,6.4,50853,17,0,30,66,82,38,116
Unfriended,2014,1000000,32482090,30400000,62882090,R,1 hr 23 min,Horror,5.6,50402,12,4,14,59,83,78,110
Underworld: Blood Wars,2016,35000000,30353973,50739340,81093313,R,1 hr 31 min,Action,5.8,41362,6,11,0,23,52,42,52
Lion,2016,12000000,51738905,88574023,140312928,PG-13,1 hr 58 min,Biography,8.1,102061,13,0,32,69,37,12,249
Snowden,2016,40000000,21587519,15769697,37357216,R,2 hr 14 min,Biography,7.3,79855,21,2,20,58,51,14,145
Love,2015,3000000,249083,611974,861057,,2 hr 15 min,Drama,6.0,24003,20,2,5,51,26,13,29
La La Land,2016,30000000,151101803,295069868,446171671,PG-13,2 hr 8 min,Comedy,8.3,258682,2,0,52,93,173,133,"1,722"
The Nice Guys,2016,50000000,36261763,26526455,62788218,R,1 hr 56 min,Action,7.4,175067,5,1,45,70,71,37,488
Dope,2015,7000000,17506470,480311,17986781,R,1 hr 43 min,Comedy,7.3,66400,5,0,32,72,27,8,125
The Boy,2016,10000000,35819556,38316624,74136180,PG-13,1 hr 37 min,Horror,6.0,51235,6,3,1,42,78,29,110
The Boy,2016,10000000,35819556,38316624,74136180,PG-13,1 hr 37 min,Horror,6.0,51235,6,1,1,45,5,2,2
Teenage Mutant Ninja Turtles: Out of the Shadows,2016,135000000,82051601,163572247,245623848,PG-13,1 hr 52 min,Action,6.0,59312,16,10,4,40,111,81,150
Manchester by the Sea,2016,9000000,47695371,31292777,78988148,R,2 hr 17 min,Drama,7.9,134213,1,0,51,96,57,54,737
Maze Runner: The Scorch Trials,2015,61000000,81697192,230598864,312296056,PG-13,2 hr 11 min,Action,6.3,159364,21,5,3,43,129,66,189
The Shallows,2016,17000000,55124043,63976715,119100758,PG-13,1 hr 26 min,Drama,6.4,78328,11,3,21,59,79,41,157
The Purge: Election Year,2016,10000000,79213375,39374505,118587880,R,1 hr 48 min,Action,6.0,54216,13,5,13,55,66,41,93
Florence Foster Jenkins,2016,29000000,27383770,21669017,49052787,PG-13,1 hr 51 min,Biography,6.9,31776,5,2,34,71,40,8,100
Keanu,2016,15000000,20591853,59480,20651333,R,1 hr 40 min,Action,6.3,31913,9,0,26,63,53,19,78
Don't Breathe,2016,9900000,89217875,68612612,157830487,R,1 hr 28 min,Crime,7.2,121103,8,0,31,71,83,40,387
The Gift,2015,5000000,43787265,15193256,58980521,R,1 hr 48 min,Drama,7.1,96688,12,1,16,62,14,4,106
The Gift,2015,5000000,43787265,15193256,58980521,R,1 hr 48 min,Drama,7.1,96688,2,0,29,77,48,13,466
Jason Bourne,2016,120000000,162434410,253050504,415484914,PG-13,2 hr 3 min,Action,6.7,150823,26,5,19,58,174,51,246
Miracles from Heaven,2016,13000000,61705123,12277880,73983003,PG,1 hr 49 min,Biography,7.0,12048,8,5,7,44,8,12,25
Kubo and the Two Strings,2016,60000000,48023088,28226350,76249438,PG,1 hr 41 min,Action,7.9,72778,3,0,35,84,37,26,444
Queen of Katwe,2016,15000000,8874389,1492772,10367161,PG,2 hr 4 min,Biography,7.4,6753,5,0,35,73,9,10,40
Ouija: Origin of Evil,2016,9000000,35144505,46561241,81705746,PG-13,1 hr 39 min,Drama,6.1,30035,8,0,18,65,47,14,85
Nine Lives,2016,30000000,19700032,38114413,57814445,PG,1 hr 27 min,Comedy,5.3,12435,1,15,0,11,21,77,22
Nine Lives,2016,30000000,19700032,38114413,57814445,PG,1 hr 27 min,Comedy,5.3,12435,1,1,23,80,6,3,11
Why Him?,2016,38000000,60323786,57778939,118102725,R,1 hr 51 min,Comedy,6.3,48123,12,9,9,39,57,26,60
Morgan,2016,8000000,3915251,4894156,8809407,R,1 hr 32 min,Action,5.8,22107,16,6,11,48,36,12,25
Patriots Day,2016,45000000,31886361,20299390,52185751,R,2 hr 13 min,Action,7.4,39784,10,0,32,69,29,10,108
Sleight,2016,250000,3986245,3460,3989705,R,1 hr 29 min,Action,6.0,702,7,1,10,62,9,7,10
Storks,2016,70000000,72679278,110709675,183388953,PG,1 hr 27 min,Adventure,6.9,34248,15,2,14,56,38,16,62
Bad Moms,2016,20000000,113257297,70678777,183936074,R,1 hr 40 min,Comedy,6.2,66540,14,2,18,60,68,48,71
Collateral Beauty,2016,36000000,31016021,57512259,88528280,PG-13,1 hr 37 min,Drama,6.8,43977,12,26,2,23,34,42,88
A Cure for Wellness,2016,40000000,8106986,18513016,26620002,R,2 hr 26 min,Drama,6.5,12193,19,7,14,47,62,14,123
The Promise,2016,90000000,8224288,4224388,12448676,PG-13,2 hr 13 min,Action,5.9,149791,19,4,7,49,13,37,108
The Promise,2016,90000000,8224288,4224388,12448676,PG-13,2 hr 13 min,Action,5.9,149791,13,3,10,53,3,5,5
Lights Out,2016,4900000,67268835,81600000,148868835,PG-13,1 hr 21 min,Drama,6.4,69823,12,3,19,58,71,35,167
Mother's Day,2016,25000000,32492859,16289811,48782670,PG-13,1 hr 58 min,Comedy,5.6,20221,5,3,0,34,6,2,9
Mother's Day,2016,25000000,32492859,16289811,48782670,PG-13,1 hr 58 min,Comedy,5.6,20221,2,26,2,18,11,63,15
Hidden Figures,2016,25000000,169607287,66349611,235956898,PG,2 hr 7 min,Biography,7.8,93103,9,0,38,74,42,32,295
Split,2016,9000000,138291365,140162993,278454358,PG-13,1 hr 57 min,Horror,7.3,157606,14,4,30,62,143,78,549
Moonlight,2016,4000000,27854932,37481671,65336603,R,1 hr 51 min,Drama,7.5,135095,0,0,53,99,137,252,"1,053"
